3,"Real name",1014-02-23,2002-2004,"14 semana st. Angeles city, bulaons",1,2,3,css@css.coms
5,test3,test3,test3,test3,test3,test3,test3,test3
6,test3,test3,test3,test3,test3,test3,test3,test3
7,"test4	","test4	","test4	","test4	","test4	","test4	","test4	","test4	"
8,"test4	","test4	","test4	","test4	","test4	","test4	","test4	","test4	"
9,"test4	","test4	","test4	","test4	","test4	","test4	","test4	","test4	"
10,"test4	","test4	","test4	","test4	","test4	","test4	","test4	","test4	"
11,Joselo,1992-04-29,"test4	","test4	","test4	","test4	","test4	",test4
12,"test4	","test4	","test4	","test4	","test4	","test4	","test4	","test4	"
13,test45,test45,test45,test45,test45,test45,test45,test45
14,test,,,,,,,
16,"Thomas Freud",2015-03-29,,"Spice roads",(032)3144433,12345,09132132123,eleaz@gmail.com
17,spice,0001-12-10,,,,,,
19,test,,,,,,,
21,"Soya Again",,,,,,,
22,"this,,is my &quot;&quot;name",2015-03-18,,,,,,
23,"$ lat $",,,,,,,
24,"&& ampersands & here",,,,,,,
